Topic,Count,Name,Representation,Representative_Docs
-1,7175,-1_the_and_with_to,"['the', 'and', 'with', 'to', 'và', 'năng', 'javascript', 'of', 'in', 'các']",
0,1297,0_male___,"['male', '', '', '', '', '', '', '', '', '']",
1,614,1_sql_mysql_oracle_database,"['sql', 'mysql', 'oracle', 'database', 'sở', 'postgresql', 'mongodb', 'nosql', 'dữ', 'databases']",
2,244,2_project_án_dự_projects,"['project', 'án', 'dự', 'projects', 'management', 'multiple', 'budget', 'successfully', 'quản', 'track']",
3,228,3_ngân_banking_financial_fintech,"['ngân', 'banking', 'financial', 'fintech', 'hàng', 'chính', 'payment', 'tài', 'khoán', 'lĩnh']",
4,227,4_cloud_azure_aws_gcp,"['cloud', 'azure', 'aws', 'gcp', 'mây', 'đám', 'google', 'computing', 'platforms', 'public']",
5,205,5_phân_tổng_tích_báo,"['phân', 'tổng', 'tích', 'báo', 'cáo', 'tài', 'liệu', 'nghiên', 'cứu', 'hợp']",
6,180,6_net_asp_core_mvc,"['net', 'asp', 'core', 'mvc', 'entity', 'framework', 'webform', 'vb', 'wpf', 'linq']",
7,162,7_git_github_source_gitlab,"['git', 'github', 'source', 'gitlab', 'sử', 'cụ', 'nguồn', 'mã', 'jira', 'code']",
8,153,8_android_kotlin_ios_sdk,"['android', 'kotlin', 'ios', 'sdk', 'native', 'mobile', 'jetpack', 'app', 'flutter', 'automotive']",
9,152,9_cntt_đại_ngành_đẳng,"['cntt', 'đại', 'ngành', 'đẳng', 'nghiệp', 'chuyên', 'đtvt', 'học', 'đh', 'tốt']",
10,139,10_spring_boot_hibernate_java,"['spring', 'boot', 'hibernate', 'java', 'jpa', 'framework', 'struts', 'springboot', 'core', 'ee']",
11,137,11_quyền_vien_ưng_thuạt,"['quyền', 'vien', 'ưng', 'thuạt', 'lạp', 'ngộ', 'tôt', 'cac', 'đãi', 'chỉn']",
12,136,12_logic_duy_tư_thinking,"['logic', 'duy', 'tư', 'thinking', 'logical', 'suy', 'phân', 'đề', 'tích', 'luận']",
13,131,13_japanese_nhật_n2_n3,"['japanese', 'nhật', 'n2', 'n3', 'tiếng', 'jlpt', 'level', 'n4', 'above', 'n1']",
14,128,14_agile_methodologies_phương_familiarity,"['agile', 'methodologies', 'phương', 'familiarity', 'environment', 'pháp', 'an', 'development', 'scaled', 'ceremonies']",
15,120,15_ux_ui_designer_user,"['ux', 'ui', 'designer', 'user', 'design', 'interface', 'diện', 'portfolio', 'designs', 'material']",
16,118,16_sở_database_dữ_liệu,"['sở', 'database', 'dữ', 'liệu', 'cơ', 'databases', 'thiết', 'kế', 'goldengate', 'pbi']",
17,117,17_php_laravel_codeigniter_framework,"['php', 'laravel', 'codeigniter', 'framework', 'cakephp', 'mysql', 'symfony', 'ngôn', 'zend', 'yii']",
18,117,18_web_applications_trang_website,"['web', 'applications', 'trang', 'website', 'browser', 'responsive', 'scalable', 'thước', 'kích', 'application']",
19,113,19_hoạch_xếp_planning_sắp,"['hoạch', 'xếp', 'planning', 'sắp', 'lý', 'quản', 'kế', 'organizing', 'tổ', 'assigned']",
20,112,20_it_helpdesk_support_managing,"['it', 'helpdesk', 'support', 'managing', 'years', 'vị', 'startup', 'năm', 'network', 'least']",
21,111,21_hà_địa_nội_phường,"['hà', 'địa', 'nội', 'phường', 'quận', 'tp', 'city', 'tòa', 'vietnam', 'phố']",
22,109,22_ci_cd_jenkins_gitlab,"['ci', 'cd', 'jenkins', 'gitlab', 'pipelines', 'pipeline', 'docker', 'jenkin', 'puppet', 'cicd']",
23,108,23_cntt_lĩnh_vực_doanh,"['cntt', 'lĩnh', 'vực', 'doanh', 'hạ', 'vận', 'thống', 'tầng', 'khai', 'hệ']",
24,107,24_problem_solving_analytical_abilities,"['problem', 'solving', 'analytical', 'abilities', 'skills', 'excellent', 'mathematical', 'decision', 'strong', 'ﬁnding']",
25,107,25_microservices_micro_microservice_architecture,"['microservices', 'micro', 'microservice', 'architecture', 'trúc', 'service', 'services', 'soa', 'event', 'posgres']",
26,107,26_design_patterns_pattern_singleton,"['design', 'patterns', 'pattern', 'singleton', 'kế', 'layout', 'principles', 'thiết', 'vài', 'typography']",
27,105,27_toeic_ielts_550_650,"['toeic', 'ielts', '550', '650', 'anh', '600', 'toefl', '450', 'đương', 'tiếng']",
28,105,28_tuổi_35_nam_25,"['tuổi', '35', 'nam', '25', '22', 'dưới', 'nữ', 'từ', '30', 'độ']",
29,104,29_restful_api_rest_apis,"['restful', 'api', 'rest', 'apis', 'articulating', 'designing', 'restful_apis', 'webservices', 'http', 'client']",
30,104,30_áp_lực_chịu_dưới,"['áp', 'lực', 'chịu', 'dưới', 'cao', 'pressure', 'được', 'under', 'việc', 'khả']",
31,103,31_game_chơi_đam_mê,"['game', 'chơi', 'đam', 'mê', 'gaming', 'thích', 'multiplayer', 'cocos', 'engine', 'unity']",
32,102,32_thứ_00_gian_thời,"['thứ', '00', 'gian', 'thời', 'nghỉ', '30', 'pm', '17h30', 'monday', 'friday']",
33,101,33_du_teambuilding_lịch_company,"['du', 'teambuilding', 'lịch', 'company', 'trip', 'mát', 'nghỉ', 'annual', 'hoạt', 'events']",
34,99,34_scrum_agile_kanban_xp,"['scrum', 'agile', 'kanban', 'xp', 'mô', 'methodologies', 'hình', 'theo', 'án', 'dự']",
35,98,35_nhật_japan_japanese_tại,"['nhật', 'japan', 'japanese', 'tại', 'ty', 'sang', 'hội', 'bản', 'dài', 'khách']",
36,97,36_cứng_máy_bị_mạch,"['cứng', 'máy', 'bị', 'mạch', 'tính', 'hardware', 'điện', 'phần', 'vi', 'thiết']",
37,97,37_mềm_software_phần_years,"['mềm', 'software', 'phần', 'years', 'năm', 'least', 'triển', 'developer', 'ít', 'phát']",
38,90,38_leave_days_12_annual,"['leave', 'days', '12', 'annual', 'paid', 'leaves', 'per', 'sick', 'holidays', 'year']",
39,84,39_ip_tcp_lan_mạng,"['ip', 'tcp', 'lan', 'mạng', 'dns', 'wan', 'vpn', 'udp', 'http', 'tls']",
40,84,40_java_ee_architectures_core,"['java', 'ee', 'architectures', 'core', 'proficient', 'application', 'tượng', 'orm', 'servers', 'oop']",
41,83,41_bachelors_software_skills_ability,"['bachelors', 'software', 'skills', 'ability', 'problemsolving', 'business', 'excellent', 'project', 'communication', 'or']",
42,83,42_training_đào_tạo_khóa,"['training', 'đào', 'tạo', 'khóa', 'luyện', 'huấn', 'nâng', 'gia', 'tham', 'courses']",
43,81,43_html5_css3_bootstrap_jquery,"['html5', 'css3', 'bootstrap', 'jquery', 'css', 'html', 'javascript', 'responsive', 'thạo', 'thành']",
44,81,44_đẳng_đại_cao_college,"['đẳng', 'đại', 'cao', 'college', 'nghiệp', 'học', 'trở', 'graduated', 'lên', 'university']",
45,79,45_mobile_di_app_cycle,"['mobile', 'di', 'app', 'cycle', 'integrating', 'life', 'full', 'trends', 'apps', 'firestore']",
46,79,46_reactjs_vuejs_redux_react,"['reactjs', 'vuejs', 'redux', 'react', 'nextjs', 'js', 'reactive', 'vue', 'nodejs', 'typescript']",
47,79,47_nhiệm_trách_thần_tinh,"['nhiệm', 'trách', 'thần', 'tinh', 'cao', 'chủ', 'safeguarding', 'công', 'trong', 'động']",
48,78,48_viễn_tử_điện_thông,"['viễn', 'tử', 'điện', 'thông', 'tin', 'nghệ', 'đại', 'ngành', 'chuyên', 'nghiệp']",
49,77,49_tử_điện_viễn_cntt,"['tử', 'điện', 'viễn', 'cntt', 'ngành', 'đại', 'khoa', 'chuyên', 'máy', 'thông']",
50,75,50_hồ_sơ_tuyển_nộp,"['hồ', 'sơ', 'tuyển', 'nộp', 'cv', 'email', 'lòng', 'gửi', 'xin', '2023']",
51,74,51_tin_nghệ_ngành_đại,"['tin', 'nghệ', 'ngành', 'đại', 'thông', 'nghiệp', 'chuyên', 'đẳng', 'học', 'tốt']",
52,74,52_customer_khách_hàng_nhạy,"['customer', 'khách', 'hàng', 'nhạy', 'service', 'facing', 'orientation', 'centric', 'supply', 'nóng']",
53,74,53_thiểu_tối_vị_trí,"['thiểu', 'tối', 'vị', 'trí', 'đương', 'tương', 'năm', '02', 'position', 'positions']",
54,73,54_linux_unix_centos_ubuntu,"['linux', 'unix', 'centos', 'ubuntu', 'điều', 'hành', 'os', 'operating', 'aix', 'hp']",
55,72,55_quyết_giải_đề_vấn,"['quyết', 'giải', 'đề', 'vấn', 'phức', 'tạp', 'problems', 'persistent', 'determined', 'pháp']",
56,72,56_đam_mê_mới_hỏi,"['đam', 'mê', 'mới', 'hỏi', 'tòi', 'eager', 'nghệ', 'sàng', 'sẵn', 'tìm']",
57,72,57_đọc_anh_tiếng_tài,"['đọc', 'anh', 'tiếng', 'tài', 'liệu', 'hiểu', 'documents', 'read', 'khả', 'bằng']",
58,72,58_cấu_trúc_dữ_thuật,"['cấu', 'trúc', 'dữ', 'thuật', 'liệu', 'structures', 'data', 'giải', 'tượng', 'algorithms']",
59,72,59_đề_quyết_vấn_phân,"['đề', 'quyết', 'vấn', 'phân', 'tích', 'giải', 'tiết', 'problems', 'chi', 'xử']",
60,72,60_khách_hàng_tiếp_giao,"['khách', 'hàng', 'tiếp', 'giao', 'thuyết', 'phục', 'đàm', 'phán', 'customer', 'customers']",
61,71,61_third_firebase_library_thư,"['third', 'firebase', 'library', 'thư', 'state', 'party', 'viện', 'getx', 'redux', 'navigation']",
62,71,62_economics_marketing_business_doanh,"['economics', 'marketing', 'business', 'doanh', 'bachelor', 'administration', 'tế', 'thương', 'finance', 'trị']",
63,71,63_bachelor_computer_science_degree,"['bachelor', 'computer', 'science', 'degree', 'related', 'field', 'or', 'equivalent', 'higher', 'engineering']",
64,71,64_testing_thử_test_kiểm,"['testing', 'thử', 'test', 'kiểm', 'types', 'non', 'functional', 'function', 'hộp', 'manual']",
65,70,65_unit_test_tdd_testing,"['unit', 'test', 'tdd', 'testing', 'coverage', 'bdd', 'tests', 'refactoring', 'integration', 'code']",
66,69,66_anh_tiếp_giao_tiếng,"['anh', 'tiếp', 'giao', 'tiếng', 'communicate', 'khá', 'english', 'can', 'able', 'opinionated']",
67,69,67_nhóm_giao_tiếp_kỹ,"['nhóm', 'giao', 'tiếp', 'kỹ', 'làm', 'tốt', 'năng', 'việc', 'camaraderie', 'thần']",
68,67,68_csdl_oracle_mysql_trị,"['csdl', 'oracle', 'mysql', 'trị', 'sql', 'server', 'mongodb', 'ms', 'hệ', 'truy']",
69,67,69_laptop_cá_macbook_nhân,"['laptop', 'cá', 'macbook', 'nhân', 'provided', 'ram', 'ssd', 'laptops', 'equipment', 'rtx']",
70,67,70_bhxh_lao_bhyt_chế,"['bhxh', 'lao', 'bhyt', 'chế', 'luật', 'bhtn', 'đầy', 'định', 'đủ', 'phúc']",
71,67,71_clean_code_coding_sạch,"['clean', 'code', 'coding', 'sạch', 'convention', 'maintainable', 'tái', 'comment', 'viết', 'dễ']",
72,66,72_ccna_mcsa_lpi_chứng,"['ccna', 'mcsa', 'lpi', 'chứng', 'chỉ', 'mcse', 'ccnp', 'lpic', 'đang', 'certifications']",
73,66,73_test_case_cases_report,"['test', 'case', 'cases', 'report', 'plan', 'testcase', 'viết', 'bug', 'thử', 'kiểm']",
74,66,74_mới_nghệ_cận_nghiên,"['mới', 'nghệ', 'cận', 'nghiên', 'cứu', 'bắt', 'new', 'cập', 'research', 'nhanh']",
75,65,75_java_minimum_developer_years,"['java', 'minimum', 'developer', 'years', 'edition', 'later', 'least', 'development', 'concurrent', 'ngôn']",
76,65,76_version_control_git_svn,"['version', 'control', 'git', 'svn', 'systems', 'mercurial', 'tfs', 'sw', 'subversion', 'phiên']",
77,65,77_changing_fast_paced_startup,"['changing', 'fast', 'paced', 'startup', 'environment', 'dynamic', 'adaptability', 'simultaneously', 'adapt', 'flexibility']",
78,64,78_nice_have_to_haves,"['nice', 'have', 'to', 'haves', 'and', '', '', '', '', '']",
79,63,79_html_css_javascript_scss,"['html', 'css', 'javascript', 'scss', 'jquery', 'liquid', 'less', 'sass', 'html5', 'shopify']",
80,63,80_mvvm_mvp_mvc_pattern,"['mvvm', 'mvp', 'mvc', 'pattern', 'viper', 'mô', 'hình', 'clean', 'wpf', 'architecture']",
81,63,81_sap_mm_sd_pp,"['sap', 'mm', 'sd', 'pp', 'abap', 'hana', 'fico', 'modules', 'fi', 'pi']",
82,63,82_time_gian_thời_organizational,"['time', 'gian', 'thời', 'organizational', 'management', 'tổ', 'learner', 'multi', 'chức', 'quản']",
83,63,83_performance_memory_optimization_nhớ,"['performance', 'memory', 'optimization', 'nhớ', 'multi', 'tuning', 'multithreading', 'pointer', 'threading', 'improving']",
84,62,84_hội_thăng_career_tiến,"['hội', 'thăng', 'career', 'tiến', 'growth', 'advancement', 'cơ', 'path', 'nghề', 'bạch']",
85,62,85_security_tấn_vulnerability_network,"['security', 'tấn', 'vulnerability', 'network', 'firewalls', 'mật', 'networking', 'xâm', 'virus', 'endpoint']",
86,62,86_product_products_vision_sản,"['product', 'products', 'vision', 'sản', 'mindset', 'phẩm', 'entire', 'involvement', 'executes', 'defines']",
87,61,87_nodejs_nestjs_node_expressjs,"['nodejs', 'nestjs', 'node', 'expressjs', 'js', 'loopback', 'express', 'backend', 'nest', 'typescript']",
88,61,88_mềm_quy_phần_phát,"['mềm', 'quy', 'phần', 'phát', 'triển', 'xuất', 'trình', 'process', 'am', 'software']",
89,60,89_tết_quà_lễ_dịp,"['tết', 'quà', 'lễ', 'dịp', 'thưởng', 'tặng', 'holidays', 'gift', 'đình', 'birthday']",
90,60,90_oop_tượng_đối_hướng,"['oop', 'tượng', 'đối', 'hướng', 'khái', 'niệm', 'nắm', 'ooad', 'aso', 'vững']",
91,60,91_nhóm_nối_quả_làm,"['nhóm', 'nối', 'quả', 'làm', 'hiệu', 'việc', 'kết', 'năng', 'kỹ', 'khả']",
92,60,92_competitive_tranh_cạnh_lương,"['competitive', 'tranh', 'cạnh', 'lương', 'salary', 'mức', 'hấp', 'thỏa', 'thuận', 'depending']",
93,60,93_bosch_why_issues_,"['bosch', 'why', 'issues', '', '', '', '', '', '', '']",
94,59,94_server_windows_trị_nas,"['server', 'windows', 'trị', 'nas', 'servers', 'quản', 'san', 'window', 'hành', 'vận']",
95,58,95_written_verbal_oral_communication,"['written', 'verbal', 'oral', 'communication', 'excellent', 'both', 'non', 'communications', 'skills', 'presentation']",
96,58,96_education_vấn_educational_relentless,"['education', 'vấn', 'educational', 'relentless', 'độ', 'specialized', 'học', 'courses', 'background', 'free']",
97,57,97_hỏi_ham_thần_tinh,"['hỏi', 'ham', 'thần', 'tinh', 'learn', 'eager', 'tiến', 'enthusiastic', 'nhẹn', 'học']",
98,57,98_devops_engineer_practices_lifecycle,"['devops', 'engineer', 'practices', 'lifecycle', 'awareness', 'role', 'gateways', 'kubernetes', 'bitbucket', 'red']",
99,57,99_leadership_leader_lãnh_qualities,"['leadership', 'leader', 'lãnh', 'qualities', 'their', 'đạo', 'retaining', 'empower', 'manager', 'skill']",
100,57,100_ads_quảng_marketing_facebook,"['ads', 'quảng', 'marketing', 'facebook', 'cáo', 'digital', 'chạy', 'media', 'zalo', 'social']",
101,57,101_trí_vị_đương_năm,"['trí', 'vị', 'đương', 'năm', 'tương', 'ít', 'nhất', '01', 'nghiệm', 'kinh']",
102,56,102_đội_team_leader_lead,"['đội', 'team', 'leader', 'lead', 'leading', 'nhỏ', 'quản', 'lý', 'outsourcing', 'nhóm']",
103,56,103_containerization_container_docker_kubernetes,"['containerization', 'container', 'docker', 'kubernetes', 'orchestration', 'containers', 'practical', 'technologies', 'like', 'containerd']",
104,55,104_bachelor_degree_university_it,"['bachelor', 'degree', 'university', 'it', 'college', 'qualification', 'equivalent', 'field', 'higher', 'course']",
105,54,105_ít_nhất_năm_trí,"['ít', 'nhất', 'năm', 'trí', 'vị', 'đương', 'tương', 'flutter', 'từ', 'nghiệm']",
106,54,106_đọc_anh_tiếng_tài,"['đọc', 'anh', 'tiếng', 'tài', 'liệu', 'hiểu', 'translation', 'dịch', 'căn', 'bằng']",
107,54,107_word_excel_powerpoint_office,"['word', 'excel', 'powerpoint', 'office', 'ms', 'phòng', 'văn', 'outlook', 'ppt', 'visio']",
108,53,108_svn_source_git_cụ,"['svn', 'source', 'git', 'cụ', 'quản', 'code', 'lý', 'sử', 'tool', 'maven']",
109,52,109_universal_winform_concurrency_thức,"['universal', 'winform', 'concurrency', 'thức', 'kiến', 'window', 'chuỗi', 'voip', 'fastapi', 'redis']",
110,52,110_wordpress_theme_plugin_magento,"['wordpress', 'theme', 'plugin', 'magento', 'commerce', 'adobe', 'shopify', 'cms', 'customization', 'ecommerce']",
111,52,111_api_facebookapi_googleapi_intricate,"['api', 'facebookapi', 'googleapi', 'intricate', 'apis', 'connections', 'event', 'scm', 'involving', 'bpm']",
112,51,112_python_ngôn_ngữ_scala,"['python', 'ngôn', 'ngữ', 'scala', 'java', 'languages', 'programming', 'lập', 'script', 'one']",
113,51,113_tiếp_giao_đạt_diễn,"['tiếp', 'giao', 'đạt', 'diễn', 'tốt', 'thuyết', 'kỹ', 'nhẹn', 'bày', 'nhanh']",
114,51,114_nhập_000_lương_triệu,"['nhập', '000', 'lương', 'triệu', 'thu', '15', 'mức', 'tháng', '3000', 'salary']",
115,50,115_vmware_ảo_hyper_virtualization,"['vmware', 'ảo', 'hyper', 'virtualization', 'hóa', 'vm', 'vsphere', 'vcenter', 'nsx', 'docker']",
116,50,116_store_play_apple_appstore,"['store', 'play', 'apple', 'appstore', 'google', 'app', 'chplay', 'trên', 'publish', 'submit']",
117,49,117_erp_khai_mes_sap,"['erp', 'khai', 'mes', 'sap', 'odoo', 'crm', 'consultant', 'preferential', 'retail', 'án']",
118,49,118_multitenancy_experiences_nghiệm_kinh,"['multitenancy', 'experiences', 'nghiệm', 'kinh', 'cmake', 'khía', 'nếu', 'relevant', 'following', 'preferable']",
119,49,119_insurance_social_hiểm_unemployment,"['insurance', 'social', 'hiểm', 'unemployment', 'health', 'labor', 'bảo', 'đóng', '100', 'xã']",
120,49,120_negotiation_đàm_phán_thuyết,"['negotiation', 'đàm', 'phán', 'thuyết', 'thương', 'mối', 'presentation', 'lượng', 'skill', 'tiếp']",
121,49,121_network_networking_mạng_bluetooth,"['network', 'networking', 'mạng', 'bluetooth', 'wifi', 'networks', 'viễn', 'connectivity', 'thức', 'gnss']",
122,48,122_thinking_solving_problem_critical,"['thinking', 'solving', 'problem', 'critical', 'analytical', 'mind', 'abilities', 'logical', 'reasoning', 'aptitude']",
123,48,123_áp_độc_lực_chịu,"['áp', 'độc', 'lực', 'chịu', 'dưới', 'nhóm', 'cao', 'việc', 'làm', 'lập']",
124,48,124_lâu_bó_dài_gắn,"['lâu', 'bó', 'dài', 'gắn', 'ty', 'tuân', 'thủ', 'company', 'muốn', 'corporation']",
125,48,125_insurance_healthcare_premium_hiểm,"['insurance', 'healthcare', 'premium', 'hiểm', 'sức', 'khỏe', 'private', 'health', 'khoẻ', 'bảo']",
126,47,126_flexible_hours_week_mon,"['flexible', 'hours', 'week', 'mon', 'fri', 'days', 'friday', 'monday', 'working', 'time']",
127,47,127_cycle_lifecycle_life_sdlc,"['cycle', 'lifecycle', 'life', 'sdlc', 'software', 'development', 'medical', '13485', 'depth', 'controller']",
128,47,128_automation_scripts_chef_ansible,"['automation', 'scripts', 'chef', 'ansible', 'task', 'pid', 'robotics', 'control', 'robot', 'adaptive']",
129,47,129_độc_nhóm_lập_làm,"['độc', 'nhóm', 'lập', 'làm', 'theo', 'khả', 'việc', 'cũng', 'năng', 'phối']",
130,47,130_commerce_ecommerce_marketplace_online,"['commerce', 'ecommerce', 'marketplace', 'online', 'platforms', 'retail', 'relevant', 'shopify', 'although', 'desirable']",
131,46,131_js_vuejs_reactjs_angular,"['js', 'vuejs', 'reactjs', 'angular', 'javascript', 'jquery', 'angularjs', 'vue', 'framework', 'frameworks']",
132,45,132_product_owner_products_marketing,"['product', 'owner', 'products', 'marketing', 'management', 'roles', 'sales', 'years', 'digital', 'sectors']",
133,45,133_object_oriented_programming_abap,"['object', 'oriented', 'programming', 'abap', 'programing', 'conversions', 'ricef', 'inherited', 'procedural', 'groovy']",
134,45,134_kafka_redis_message_rabbitmq,"['kafka', 'redis', 'message', 'rabbitmq', 'queue', 'broker', 'apache', 'elasticsearch', 'nats', 'brokers']",
135,44,135_english_teacher_taught_proficiency,"['english', 'teacher', 'taught', 'proficiency', 'dek', 'techcombank', 'courses', 'pursuant', 'policy', 'by']",
136,44,136_oop_pattern_patterns_design,"['oop', 'pattern', 'patterns', 'design', 'vững', 'principles', 'ooad', 'mvc', 'thức', 'kiến']",
137,44,137_prioritize_multitask_tasks_multitasking,"['prioritize', 'multitask', 'tasks', 'multitasking', 'multiple', 'same', 'ability', 'multi', 'simultaneously', 'task']",
138,44,138_communication_english_good_skills,"['communication', 'english', 'good', 'skills', 'czech', 'communicated', 'necessary', 'collaboration', 'commination', 'exposures']",
139,43,139_môi_trường_thiện_thân,"['môi', 'trường', 'thiện', 'thân', 'ổn', 'hội', 'động', 'thăng', 'lâu', 'tiến']",
140,43,140_bày_ràng_tiếp_thuyết,"['bày', 'ràng', 'tiếp', 'thuyết', 'giao', 'rõ', 'phức', 'tạp', 'stellar', 'complemented']",
141,43,141_chất_lượng_quality_phẩm,"['chất', 'lượng', 'quality', 'phẩm', 'sản', 'assurance', 'lệch', 'chênh', 'ánh', 'nỗ']",
142,43,142_time_solving_problem_thời,"['time', 'solving', 'problem', 'thời', 'gian', 'management', 'communication', 'quyết', 'lý', 'quản']",
143,43,143_travel_countries_nước_multinational,"['travel', 'countries', 'nước', 'multinational', 'đi', 'ngoài', 'abroad', 'paced', 'châu', 'chance']",
144,43,144_net_grid_asp_frontend,"['net', 'grid', 'asp', 'frontend', 'bachelors', 'backend', 'development', 'experience', 'web', 'typescript']",
145,43,145_cross_functional_teams_collaboration,"['cross', 'functional', 'teams', 'collaboration', 'stakeholders', 'mutual', 'promote', 'effectively', 'collaborate', 'work']",
146,43,146_photoshop_illustrator_adobe_figma,"['photoshop', 'illustrator', 'adobe', 'figma', 'premiere', 'xd', 'ai', 'sketch', 'mềm', 'parsing']",
147,42,147_warehouse_bigdata_data_zone,"['warehouse', 'bigdata', 'data', 'zone', 'big', 'luồng', 'lake', 'lớn', 'landing', 'modeling']",
148,42,148_cẩn_thận_hoà_chăm,"['cẩn', 'thận', 'hoà', 'chăm', 'trung', 'nhẹn', 'kiên', 'thực', 'trì', 'gì']",
149,42,149_trỏ_con_embedded_pointer,"['trỏ', 'con', 'embedded', 'pointer', '11', 'tech', 'stl', 'programming', 'khuôn', 'debug']",
150,42,150_qualifications_qualification_nokia_zte,"['qualifications', 'qualification', 'nokia', 'zte', 'rsm', 'issued', 'kam', 'ericsson', 'huawei', 'asm']",
151,42,151_data_analyst_engineer_role,"['data', 'analyst', 'engineer', 'role', 'truy', 'scientist', 'managerial', 'years', 'xuất', 'dữ']",
152,42,152_review_salary_performance_twice,"['review', 'salary', 'performance', 'twice', 'lần', 'annual', 'year', 'assessment', 'times', 'capturing']",
153,42,153_python_programming_recognition_text,"['python', 'programming', 'recognition', 'text', 'odoo', 'fundamenttals', 'elixir', 'advised', 'standard', 'library']",
154,41,154_thống_hệ_phi_manageability,"['thống', 'hệ', 'phi', 'manageability', 'lớn', 'phức', 'tạp', 'exposure', 'compatibility', 'adaptability']",
155,41,155_angular_angularjs_vuejs_reactjs,"['angular', 'angularjs', 'vuejs', 'reactjs', 'react', 'framework', 'vue', 'frontend', 'sencha', 'một']",
156,41,156_ngôn_nodejs_ngữ_java,"['ngôn', 'nodejs', 'ngữ', 'java', 'php', 'dart', 'golang', 'lập', 'languages', 'sâu']",
157,41,157_scripting_bash_powershell_python,"['scripting', 'bash', 'powershell', 'python', 'shell', 'script', 'perl', 'languages', 'scripts', 'familiarity']",
158,41,158_candidate_candidates_viên_ứng,"['candidate', 'candidates', 'viên', 'ứng', 'will', 'tiên', 'given', 'ưu', 'priority', 'own']",
159,40,159_thử_kiểm_mềm_phần,"['thử', 'kiểm', 'mềm', 'phần', 'quy', 'phương', 'chương', 'cũng', 'giai', 'đoạn']",
160,40,160_detail_attention_great_accurate,"['detail', 'attention', 'great', 'accurate', 'details', 'oriented', 'exceptional', 'accuracy', 'precise', 'forensic']",
161,40,161_mobile_testing_web_cross,"['mobile', 'testing', 'web', 'cross', 'hackerrank', 'app', 'test', 'pc', 'browser', 'tablet']",
162,40,162_debugging_debug_trace_lỗi,"['debugging', 'debug', 'trace', 'lỗi', 'giản', 'solving', 'legacy', 'problem', 'debugger', 'gỡ']",
163,40,163_architecture_best_patterns_system,"['architecture', 'best', 'patterns', 'system', 'practices', 'design', 'trúc', 'exp', 'thiết', 'kế']",
164,40,164_information_bachelor_science_computer,"['information', 'bachelor', 'science', 'computer', 'degree', 'technology', 'related', 'field', 'or', 'majors']",
165,40,165_agi_database_problemsolving_bachelors,"['agi', 'database', 'problemsolving', 'bachelors', 'oracle', 'handson', 'science', 'computer', 'sql', 'advanced']",
166,40,166_django_flask_fastapi_python,"['django', 'flask', 'fastapi', 'python', 'framework', 'familiar', 'năm', 'rest', 'sqlalchemy', 'have1']",
167,39,167_club_badminton_clubs_football,"['club', 'badminton', 'clubs', 'football', 'đá', 'bóng', 'yoga', 'sporty', 'soccer', 'clb']",
168,38,168_month_bonus_13th_salary,"['month', 'bonus', '13th', 'salary', 'remuneration', 'incentive', '16', 'cash', 'total', 'extra']",
169,38,169_interpersonal_communication_excellent_motivational,"['interpersonal', 'communication', 'excellent', 'motivational', 'skills', 'facilitation', 'types', 'external', 'negotiation', 'handled']",
170,37,170_logic_duy_tư_trách,"['logic', 'duy', 'tư', 'trách', 'nhiệm', 'thận', 'cẩn', 'logical', 'thinking', 'nhanh']",
171,37,171_ios_swift_objective_native,"['ios', 'swift', 'objective', 'native', 'swiftui', 'xcode', 'cocoa', 'familiar', 'modular', 'uikit']",
172,37,172_scrum_fill_helping_sass,"['scrum', 'fill', 'helping', 'sass', 'gaps', 'determine', 'what', 'knowledgeable', 'scss', 'scom']",
173,37,173_native_react_reactnative_flutter,"['native', 'react', 'reactnative', 'flutter', 'isomorphic', 'expo', '06', 'ít', 'sensitivity', 'thiểu']",
174,37,174_khám_khỏe_sức_kỳ,"['khám', 'khỏe', 'sức', 'kỳ', 'bệnh', 'kì', 'định', 'giấy', 'lần', 'viện']",
175,37,175_insights_kê_actionable_data,"['insights', 'kê', 'actionable', 'data', 'dữ', 'phân', 'analyze', 'tích', 'suất', 'decisions']",
176,36,176_hàn_korean_topik_tiếng,"['hàn', 'korean', 'topik', 'tiếng', 'instructed', 'trained', 'specialists', 'japan', 'above', 'speaking']",
177,36,177_bán_viên_ứng_tiên,"['bán', 'viên', 'ứng', 'tiên', 'mkt', 'ưu', 'sóc', 'điện', 'shop', 'lẻ']",
178,36,178_kỷ_trách_thần_nhiệm,"['kỷ', 'trách', 'thần', 'nhiệm', 'tinh', 'luật', 'cao', 'tuân', 'thủ', 'responsibility']",
179,36,179_jira_trello_redmine_confluence,"['jira', 'trello', 'redmine', 'confluence', 'tool', 'tracking', 'backlog', 'dõi', 'task', 'tasks']",
180,36,180_lập_trình_song_ncloth,"['lập', 'trình', 'song', 'ncloth', 'manuafactoring', 'marvelous', 'tdd', 'hypervisor', 'thức', 'spark']",
181,36,181_requirements_registration_basic_key,"['requirements', 'registration', 'basic', 'key', 'our', 'preferred', 'must', 'have', '', '']",
182,36,182_chưa_sẽ_không_đào,"['chưa', 'sẽ', 'không', 'đào', 'tạo', 'yêu', 'cầu', 'được', 'sv', 'ra']",
183,36,183_machine_learning_classification_mining,"['machine', 'learning', 'classification', 'mining', 'statistical', 'models', 'algorithms', 'neural', 'deep', 'model']",
184,35,184_architecture_patterns_trúc_architectural,"['architecture', 'patterns', 'trúc', 'architectural', 'design', 'choosing', 'software', 'mềm', 'needs', 'kế']",
185,35,185_sinh_cuối_viên_đh,"['sinh', 'cuối', 'viên', 'đh', 'final', 'tin', 'thông', 'nhiên', 'trường', 'students']",
186,35,186_independently_team_work_part,"['independently', 'team', 'work', 'part', 'well', 'as', 'environment', 'able', 'ability', 'both']",
187,35,187_automation_testing_app_mobile,"['automation', 'testing', 'app', 'mobile', 'test', 'manual', 'web', 'thử', 'kiểm', 'năm']",
188,35,188_ngoài_nước_international_anh,"['ngoài', 'nước', 'international', 'anh', 'cv', 'tiếng', 'tiếp', 'communicate', 'businesses', 'together']",
189,34,189_business_requirements_documenting_limitations,"['business', 'requirements', 'documenting', 'limitations', 'ea', 'translate', 'analysis', 'stories', 'gathering', 'mock']",
190,34,190_anh_tiếng_thế_lợi,"['anh', 'tiếng', 'thế', 'lợi', 'là', 'tiếp', 'giao', 'một', 'english', 'exellent']",
191,34,191_khía_nghệ_tin_kiến,"['khía', 'nghệ', 'tin', 'kiến', 'tảng', 'thức', 'thông', 'nền', 'hạ', 'tất']",
192,34,192_player_team_initiated_pro,"['player', 'team', 'initiated', 'pro', 'minimal', 'active', 'supervision', 'self', 'supportive', 'who']",
193,34,193_tiên_ưu_start_asap,"['tiên', 'ưu', 'start', 'asap', 'immediate', 'most', 'important', 'nam', 'cộng', 'điểm']",
194,34,194_troubleshooting_problem_solving_issues,"['troubleshooting', 'problem', 'solving', 'issues', 'excellent', 'abilities', 'disciplined', 'diagnostic', 'resolving', 'mission']",
195,33,195_must_have_prefer_should,"['must', 'have', 'prefer', 'should', 'bạn', 'cần', 'you', 'to', 'có', '']",
196,33,196_lunch_parking_allowance_trưa,"['lunch', 'parking', 'allowance', 'trưa', '730', 'ăn', 'free', 'motorbike', 'bữa', 'miễn']",
197,33,197_áp_chịu_lực_cao,"['áp', 'chịu', 'lực', 'cao', 'trách', 'kỷ', 'nhiệm', 'được', 'luật', 'thần']",
198,33,198_fluent_fluency_intermediate_english,"['fluent', 'fluency', 'intermediate', 'english', 'french', 'immediately', 'fluence', 'upper', 'fluently', 'higher']",
199,33,199_position_relevant_years_same,"['position', 'relevant', 'years', 'same', 'year', 'comparable', 'working', 'least', 'this', 'confirmed']",
200,33,200_windows_linux_os_hành,"['windows', 'linux', 'os', 'hành', 'điều', 'operating', 'unix', 'proficiencies', 'disks', 'khái']",
201,32,201_pmp_certificate_prince2_pmi,"['pmp', 'certificate', 'prince2', 'pmi', 'chứng', 'chỉ', 'npm', 'án', 'nhtm', 'acp']",
202,32,202_information_technology_bachelor_academic,"['information', 'technology', 'bachelor', 'academic', 'degree', 'fields', 'college', 'major', 'related', 'field']",
203,32,203_sàng_sẵn_đêm_giờ,"['sàng', 'sẵn', 'đêm', 'giờ', 'outside', 'đi', 'ready', 'ot', 'khi', 'hours']",
204,32,204_carefulness_analytical_think_logical,"['carefulness', 'analytical', 'think', 'logical', 'systematic', 'coherently', 'thinking', 'manner', 'duy', 'tư']",
205,32,205_cntt_cđ_đtvt_qtkd,"['cntt', 'cđ', 'đtvt', 'qtkd', 'đh', 'ngành', 'chuyên', 'cty', 'nghiệp', 'đương']",
206,32,206_trung_trách_nhiệm_thực,"['trung', 'trách', 'nhiệm', 'thực', 'kỷ', 'nhẹn', 'luật', 'tuân', 'túc', 'thủ']",
207,32,207_soạn_viết_writing_thảo,"['soạn', 'viết', 'writing', 'thảo', 'văn', 'kỹ', 'output', 'dễ', 'bày', 'ràng']",
208,32,208_bonus_competitions_bonuses_bật,"['bonus', 'competitions', 'bonuses', 'bật', 'nổi', 'kịp', 'referrals', 'invention', 'chess', 'góp']",
209,31,209_spoken_written_english_speaking,"['spoken', 'written', 'english', 'speaking', 'writing', 'both', 'proficiency', 'reading', 'verbal', 'skills']",
210,31,210_role_manager_leadership_master,"['role', 'manager', 'leadership', 'master', 'leader', 'án', 'dự', 'least', 'project', 'years']",
211,31,211_tháng_06_trí_vị,"['tháng', '06', 'trí', 'vị', 'đương', 'thiểu', 'months', 'trở', 'tương', 'ký']",
212,31,212_security_ninh_mật_toàn,"['security', 'ninh', 'mật', 'toàn', 'bảo', 'an', 'approaches', 'confidential', 'dò', 'compliance']",
213,30,213_seo_semrush_console_ahrefs,"['seo', 'semrush', 'console', 'ahrefs', 'google', 'khóa', 'search', 'trend', 'analytics', 'website']",
214,30,214_postman_jmeter_api_soapui,"['postman', 'jmeter', 'api', 'soapui', 'testing', 'tool', 'test', 'perfomance', 'man', 'interfaces']",
215,30,215_object_oriented_oop_programming,"['object', 'oriented', 'oop', 'programming', 'about', 'ood', 'ooad', 'foundation', 'orientated', 'have']",
216,30,216_nhóm_teamwork_hòa_đội,"['nhóm', 'teamwork', 'hòa', 'đội', 'đồng', 'tốt', 'contributor', 'nhiệt', 'tình', 'làm']",
217,30,217_yêu_cầu_conditions_岗位要求,"['yêu', 'cầu', 'conditions', '岗位要求', 'trạm', 'accountabilities', 'công', 'condition', 'iii', 'việc']",
218,30,218_độc_nhóm_lập_làm,"['độc', 'nhóm', 'lập', 'làm', 'việc', 'theo', 'kỹ', 'tỉ', 'năng', 'thận']",
219,29,219_stakeholders_stakeholder_accepts_listens,"['stakeholders', 'stakeholder', 'accepts', 'listens', 'relationships', 'input', 'influence', 'whilst', 'consultants', 'collaborating']",
220,29,220_scrum_agile_mềm_đời,"['scrum', 'agile', 'mềm', 'đời', 'phần', 'vòng', 'success', 'phát', 'methodologies', 'quy']",
221,29,221_written_verbal_oral_english,"['written', 'verbal', 'oral', 'english', 'communication', 'spoken', 'both', 'excellent', 'skills', 'abilities']",
222,29,222_tin_thông_cđ_ngành,"['tin', 'thông', 'cđ', 'ngành', 'nghệ', 'nghiệp', 'đh', 'chuyên', 'khối', 'liên']",
223,29,223_aws_rds_services_ec2,"['aws', 'rds', 'services', 'ec2', 's3', 'reliability', 'khai', 'dynamodb', 'solutions', 'optimize']",
224,28,224_testing_automation_test_manual,"['testing', 'automation', 'test', 'manual', 'cases', 'appium', 'qa', 'postman', 'selenium', 'mobile']",
225,28,225_terraform_infrastructure_iac_cloudformation,"['terraform', 'infrastructure', 'iac', 'cloudformation', 'code', 'as', 'packer', 'ansible', 'similar', 'ansilbe']",
226,28,226_user_dùng_usability_người,"['user', 'dùng', 'usability', 'người', 'đo', 'trước', 'advise', 'assistance', 'vi', 'users']",
227,28,227_requirement_buộc_bắt_yêu,"['requirement', 'buộc', 'bắt', 'yêu', 'cầu', 'required', 'referee', 'essential', 'iv', 'request']",
228,28,228_typescript_javascript_ecmascript6_ajax,"['typescript', 'javascript', 'ecmascript6', 'ajax', 'redux', 'fe', 'saga', 'libraries', 'typerscript', 'annotations']",
229,28,229_teamwork_nhiệt_tình_trách,"['teamwork', 'nhiệt', 'tình', 'trách', 'nhiệm', 'responsibility', 'proactive', 'punctual', 'trong', 'active']",
230,28,230_automation_test_selenium_testing,"['automation', 'test', 'selenium', 'testing', 'jama', 'approved', 'testlink', 'thử', 'intensively', 'kiểm']",
231,28,231_quyền_lợi_thế_expression,"['quyền', 'lợi', 'thế', 'expression', 'buộc', 'bạn', 'kendo', 'appreciate', 'bắt', 'không']",
232,27,232_check_health_annual_checkup,"['check', 'health', 'annual', 'checkup', 'up', 'routine', 'yearly', 'once', 'clinic', 'complimentary']",
233,27,233_front_html_css_end,"['front', 'html', 'css', 'end', 'javascript', 'angular', 'reactjs', 'jquery', 'frontend', 'vue']",
234,27,234_vietnamese_chinese_english_spoken,"['vietnamese', 'chinese', 'english', 'spoken', 'both', 'communication', 'written', 'effective', 'blog', 'writing']",
235,27,235_trở_lên_tin_ngành,"['trở', 'lên', 'tin', 'ngành', 'nghệ', 'đại', 'thông', 'chuyên', 'phạm', 'nghiệp']",
236,27,236_tượng_pass_đối_hướng,"['tượng', 'pass', 'đối', 'hướng', 'else', 'reference', 'tắc', 'hadoop', 'vật', 'nguyên']",
237,27,237_thuận_thỏa_lương_quả,"['thuận', 'thỏa', 'lương', 'quả', 'mức', 'sung', 'bổ', 'nhập', 'allowances', 'negotiated']",
238,26,238_firewall_cisco_sophos_switch,"['firewall', 'cisco', 'sophos', 'switch', 'checkpoint', 'juniper', 'fortinet', 'ips', 'ids', 'firewalls']",
239,26,239_communication_updates_chatwork_aiming,"['communication', 'updates', 'chatwork', 'aiming', 'recreates', 'exceptional', 'vát', 'canalyzer', 'skill', 'listener']",
240,26,240_reading_writing_english_speaking,"['reading', 'writing', 'english', 'speaking', 'workable', 'listening', 'specialize', 'talking', 'good', 'read']",
241,26,241_cissp_sscp_ceh_ccnp,"['cissp', 'sscp', 'ceh', 'ccnp', 'oscp', 'security', 'practitioner', 'cism', 'cisa', 'certified']",
242,26,242_cộng_others_điểm_additional,"['cộng', 'others', 'điểm', 'additional', 'sign', 'notes', 'tố', 'fresher', 'yếu', 'thêm']",
243,26,243_ruby_rails_on_musthave,"['ruby', 'rails', 'on', 'musthave', 'sidekiq', 'rspec', 'cloudfunctions', 'cloudrun', 'xperience', 'awsbatch']",
244,26,244_cache_redis_memcached_elasticsearch,"['cache', 'redis', 'memcached', 'elasticsearch', 'search', 'redux', 'solr', 'engines', 'caching', 'nhớ']",
245,26,245_defect_tracking_bug_fixes,"['defect', 'tracking', 'bug', 'fixes', 'lỗi', 'bugs', 'dõi', 'peer', 'defects', 'fix']",
246,26,246_office_microsoft_365_suite,"['office', 'microsoft', '365', 'suite', 'onedrive', 'outlook', 'word', 'excel', 'onenote', 'nǎng']",
247,26,247_độc_nhóm_lập_làm,"['độc', 'nhóm', 'lập', 'làm', 'theo', 'việc', 'groups', 'khả', 'cũng', 'kĩ']",
248,26,248_qualification_qualifications_credentials_educational,"['qualification', 'qualifications', 'credentials', 'educational', 'education', 'hdbank', 'experiences', 'requirements', 'chínhngân', 'đoan']",
249,25,249_kỹ_diligence_năng_buộc,"['kỹ', 'diligence', 'năng', 'buộc', 'bắt', 'chất', 'cộng', 'điểm', 'phẩm', 'lực']",
250,25,250_probation_during_salary_100,"['probation', 'during', 'salary', '100', 'period', 'full', 'pass', 'bonus', 'month', '13th']",
251,25,251_trung_honest_thực_kiên,"['trung', 'honest', 'thực', 'kiên', 'thắn', 'thẳng', 'nhiệt', 'nhẹn', 'tình', 'bát']",
252,25,252_thái_trách_nhiệm_cực,"['thái', 'trách', 'nhiệm', 'cực', 'chủ', 'attitude', 'kỷ', 'động', 'độ', 'positive']",
253,25,253_đọc_tra_documents_tài,"['đọc', 'tra', 'documents', 'tài', 'anh', 'tiếng', 'liệu', 'kiểm', 'reading', 'hiểu']",
254,25,254_prototype_vẽ_prototyping_balsamiq,"['prototype', 'vẽ', 'prototyping', 'balsamiq', 'mockup', 'visio', 'draw', 'prototypes', 'cụ', 'đồ']",
255,25,255_gym_hạng_khu_dành,"['gym', 'hạng', 'khu', 'dành', 'phòng', 'riêng', 'space', 'free', 'desk', 'café']",
256,25,256_special_hard_essential_skills,"['special', 'hard', 'essential', 'skills', 'skill', 'gained', 'secondary', 'advanced', 'based', 'basic']",
257,25,257_tăng_xét_lương_lần,"['tăng', 'xét', 'lương', 'lần', 'kỳ', 'thăng', 'increase', 'định', 'quả', 'once']",
258,24,258_thần_tinh_trách_nhóm,"['thần', 'tinh', 'trách', 'nhóm', 'nhiệm', 'đội', 'ngũ', 'lãnh', 'đạo', 'hòa']",
259,24,259_benefits_nutanix_perks_characteristic,"['benefits', 'nutanix', 'perks', 'characteristic', 'hyper', 'quyền', 'amount', 'ask', 'characteristics', 'exp']",
260,24,260_your_skills_these_toolbox,"['your', 'skills', 'these', 'toolbox', 'hcltech', 'heart', 'qualifications', 'hear', 'expected', 'most']",
261,24,261_desirable_level_cố_nghiệm,"['desirable', 'level', 'cố', 'nghiệm', 'kinh', 'experiences', 'sự', 'experience', '', '']",
262,24,262_team_setting_motivating_cadence,"['team', 'setting', 'motivating', 'cadence', 'assist', 'succeed', 'pace', 'edge', 'age', 'build']",
263,24,263_ngoại_ngữ_language_rất,"['ngoại', 'ngữ', 'language', 'rất', 'foreign', 'tcb', 'thứ', 'acf', 'woocommerce', 'ngôn']",
264,24,264_sáng_tạo_mỹ_thẩm,"['sáng', 'tạo', 'mỹ', 'thẩm', 'tưởng', 'giàu', 'content', 'duy', 'tư', 'creativity']",
265,24,265_spirit_logical_thinking_teamwork,"['spirit', 'logical', 'thinking', 'teamwork', 'round', 'interview', 'someone', 'good', 'space', 'logic']",
266,24,266_native_react_mobile_cross,"['native', 'react', 'mobile', 'cross', 'app', 'platform', 'spent', '02', 'trên', 'nền']",
267,24,267_teamwork_spirit_mentality_motivation,"['teamwork', 'spirit', 'mentality', 'motivation', 'minded', 'term', 'attitudes', 'valuing', 'intention', 'commitment']",
268,24,268_motivated_self_starter_reactivity,"['motivated', 'self', 'starter', 'reactivity', 'proactive', 'liệt', 'desire', 'results', 'person', 'assertiveness']",
269,24,269_backend_developer_fullstack_frontend,"['backend', 'developer', 'fullstack', 'frontend', 'front', 'end', 'coursework', 'dabbled', 'junior', 'years']",
270,24,270_collaboration_communication_effective_skills,"['collaboration', 'communication', 'effective', 'skills', 'presenter', 'advice', 'varying', 'excellent', 'testers', 'tech']",
271,24,271_nghiên_tự_cứu_study,"['nghiên', 'tự', 'cứu', 'study', 'self', 'hỏi', 'lắng', 'buying', 'edu', 'weaknesses']",
272,24,272_telecommunication_engineering_electronics_electrical,"['telecommunication', 'engineering', 'electronics', 'electrical', 'chemical', 'computer', 'mechanics', 'equivalent', 'bachelor', 'informatics']",
273,24,273_nice_have_to_experience,"['nice', 'have', 'to', 'experience', '', '', '', '', '', '']",
274,24,274_mẫu_cccd_kbsv_hộ,"['mẫu', 'cccd', 'kbsv', 'hộ', 'khẩu', 'cv', 'mbs', 'file', 'sổ', 'nguyễn']",
275,24,275_json_restful_xml_formatting,"['json', 'restful', 'xml', 'formatting', 'rest', 'remote', 'apis', 'via', 'rs', 'jax']",
276,24,276_nginx_apache_load_balancing,"['nginx', 'apache', 'load', 'balancing', 'haproxy', 'cluster', 'pm2', 'servers', 'tải', 'server']",
277,24,277_trẻ_young_môi_trung,"['trẻ', 'young', 'môi', 'trung', 'khí', 'youthful', 'động', 'dynamic', 'vẻ', 'trường']",
278,23,278_giới_nam_nữ_tính,"['giới', 'nam', 'nữ', 'tính', 'gender', 'aids', 'hiv', 'harassment', 'aav', 'anti']",
279,23,279_golang_assisting_backend_minimum,"['golang', 'assisting', 'backend', 'minimum', 'years', 'grpc', 'reviewing', 'proficient', 'rbac', 'protobuf']",
280,23,280_benefits_benefit_great_,"['benefits', 'benefit', 'great', '', '', '', '', '', '', '']",
281,23,281_hiểm_accident_pvi_8000,"['hiểm', 'accident', 'pvi', '8000', 'gói', 'khỏe', 'sức', 'bởi', 'nạn', 'sóc']",
282,23,282_offer_what_we_return,"['offer', 'what', 'we', 'return', 'iii', 'here', 'our', 'can', 'you', 'is']",
283,23,283_unity_games_game_worked,"['unity', 'games', 'game', 'worked', 'developed', 'casual', 'layer', 'xcode', 'uploading', 'bundles']",
284,23,284_phòng_văn_office_thạo,"['phòng', 'văn', 'office', 'thạo', 'thành', 'tin', 'west', 'near', 'vi', 'học']",
285,23,285_devops_cd_ci_pipelines,"['devops', 'cd', 'ci', 'pipelines', 'sysops', 'practices', 'terraform', 'setting', 'implementing', 'containers']",
286,23,286_doanh_acumen_buôn_business,"['doanh', 'acumen', 'buôn', 'business', 'koidra', 'introduction', 'lược', 'strategy', 'company', 'chiến']",
287,22,287_bi_power_tableau_cụ,"['bi', 'power', 'tableau', 'cụ', 'powerbi', 'báo', 'cáo', 'intelligence', 'hiển', 'dashboards']",
288,22,288_fulltime_full_time_tập,"['fulltime', 'full', 'time', 'tập', 'partime', 'thực', 'đáp', 'thể', 'đảm', 'workload']",
289,22,289_chóng_nhanh_logic_tìm,"['chóng', 'nhanh', 'logic', 'tìm', 'duy', 'tư', 'mới', 'nghệ', 'bắt', 'base']",
290,22,290_presentation_communication_gaining_achievement,"['presentation', 'communication', 'gaining', 'achievement', 'buy', 'presenter', 'supports', 'skills', 'audience', 'toward']",
291,22,291_itil_itsm_it_service,"['itil', 'itsm', 'it', 'service', 'trouble', 'locally', 'always', 'esg', 'tickets', 'grc']",
292,22,292_organizational_organisational_skills_administrative,"['organizational', 'organisational', 'skills', 'administrative', 'coordination', 'study', 'organization', 'analytical', 'strong', 'documents']",
293,22,293_giọng_nói_âm_ngọng,"['giọng', 'nói', 'âm', 'ngọng', 'điệu', 'nghe', 'tiếng', 'địa', 'không', 'tiếp']",
294,22,294_bachelor_science_engineering_computer,"['bachelor', 'science', 'engineering', 'computer', 'field', 'degree', 'software', 'related', 'equivalent', 'or']",
295,22,295_yêu_cầu_hồ_sơ,"['yêu', 'cầu', 'hồ', 'sơ', 'query', 'nam', '', '', '', '']",
296,22,296_crm_erp_enterprise_salesforce,"['crm', 'erp', 'enterprise', 'salesforce', 'dynamics', 'ticket', 'configuration', 'implementation', 'connects', 'affiliate']",
297,22,297_attractive_compensation_salary_package,"['attractive', 'compensation', 'salary', 'package', 'love', 'benefits', 'bonus', 'basing', 'spouse', '85m']",
298,22,298_technical_ax_train_transfer,"['technical', 'ax', 'train', 'transfer', 'logistic', '2009', 'gap', 'nav', 'brd', 'fo']",
299,22,299_web_years_than_development,"['web', 'years', 'than', 'development', 'lĩnh', 'vực', 'publishing', 'web3', 'nhỏ', 'middle']",
300,22,300_versioning_proficient_code_tools,"['versioning', 'proficient', 'code', 'tools', 'git', 'such', 'github', 'understanding', 'version', 'as']",
301,22,301_3d_2d_casual_game,"['3d', '2d', 'casual', 'game', '3dx', 'blueprints', 'unreal', 'motion', 'creation', 'image']",
302,22,302_uml_sequence_diagram_modeling,"['uml', 'sequence', 'diagram', 'modeling', 'vẽ', 'bpmn', 'mô', 'flow', 'biểu', 'hình']",
303,21,303_xe_automotive_tô_ecu,"['xe', 'automotive', 'tô', 'ecu', 'sensors', 'oto', 'chất', 'actuators', 'quát', 'ivi']",
304,21,304_backup_recovery_disaster_thảm,"['backup', 'recovery', 'disaster', 'thảm', 'backups', 'restore', 'exec', 'bakup', 'khôi', 'veritas']",
305,21,305_coffee_snacks_tea_free,"['coffee', 'snacks', 'tea', 'free', 'beverages', 'unlimited', 'fruit', 'provided', 'noodles', 'beer']",
306,21,306_php_ngôn_ngữ_thêm,"['php', 'ngôn', 'ngữ', 'thêm', 'golang', 'java', 'node', 'nodejs', 'react', 'khác']",
307,21,307_khách_nhu_đưa_requested,"['khách', 'nhu', 'đưa', 'requested', 'ước', 'estimate', 'hàng', 'ra', 'cầu', 'customers']",
308,21,308_linux_window_windows_network,"['linux', 'window', 'windows', 'network', 'os', 'unix', 'điều', 'server', 'hành', 'operating']",
309,21,309_vietnamese_việt_language_bậc,"['vietnamese', 'việt', 'language', 'bậc', 'chinese', '越南人', '泰語和中文', '會英文更好', 'elementary', '中文或英文能做工作语言者优先']",
310,21,310_general_requirements_requirement_definitely,"['general', 'requirements', 'requirement', 'definitely', 'bring', 'specific', 'need', 'll', 'minimum', 'what']",
311,21,311_protection_privacy_regulations_compliance,"['protection', 'privacy', 'regulations', 'compliance', 'security', 'governance', 'compliant', 'standards', 'data', 'handling']",
312,21,312_tester_manual_autiomation_screening,"['tester', 'manual', 'autiomation', 'screening', 'trên', 'initially', 'step1', 'ut', 'cv', 'doing']",
313,21,313_cấp_trung_fresh_2024,"['cấp', 'trung', 'fresh', '2024', 'trở', 'lên', 'sinh', 'nghiệp', 'onwards', 'february']",
314,21,314_rủi_ro_risk_redundancies,"['rủi', 'ro', 'risk', 'redundancies', 'risks', 'ẩn', 'tiềm', 'operations', 'existing', 'analyzing']",
315,21,315_junior_senior_niên_seniority,"['junior', 'senior', 'niên', 'seniority', 'middle', 'thâm', 'pinetree', 'yoe', 'level', 'policy']",
316,21,316_english_communication_communicator_good,"['english', 'communication', 'communicator', 'good', 'effective', 'french', 'clear', 'intermediate', 'above', 'must']",
317,21,317_fluent_spoken_written_speaking,"['fluent', 'spoken', 'written', 'speaking', 'english', 'writing', 'both', 'verbally', 'confident', 'daily']",
318,21,318_continuous_gitlabci_integration_deployment,"['continuous', 'gitlabci', 'integration', 'deployment', 'delivery', 'jenkins', 'preference', 'cd', 'ci', 'practices']",
319,21,319_least_at_years_năm,"['least', 'at', 'years', 'năm', 'nghiệm', 'experience', 'kinh', 'trở', 'of', 'lên']",
320,21,320_yêu_cầu_ii_công,"['yêu', 'cầu', 'ii', 'công', 'việc', 'visio', 'dài', 'đi', 'ngày', 'sàng']",
321,21,321_log_elk_logging_logs,"['log', 'elk', 'logging', 'logs', 'prometheus', 'graylog', 'grafana', 'kibana', 'logstash', 'monitoring']",
322,20,322_teamwork_solving_problem_excellent,"['teamwork', 'solving', 'problem', 'excellent', 'communication', 'skills', 'advice', 'centered', 'independently', 'logical']",
323,20,323_waterfall_agile_project_lean,"['waterfall', 'agile', 'project', 'lean', 'fall', 'mastered', 'water', 'management', 'scrum', 'nhau']",
324,20,324_typescript_js_you_nice,"['typescript', 'js', 'you', 'nice', 'frontend', 'graphql', 'are', 'approach', 'highly', 'required']",
325,20,325_môn_lực_chuyên_siem,"['môn', 'lực', 'chuyên', 'siem', 'qradar', 'úc', 'swinburne', 'splunk', 'specialist', 'knows']",
326,20,326_leadership_servant_excellent_communication,"['leadership', 'servant', 'excellent', 'communication', 'facilitation', 'facilitate', 'senior', 'confident', 'presentation', 'skills']",
327,20,327_about_you_enough_talk,"['about', 'you', 'enough', 'talk', 'let', 'us', 'what', 'do', 'will', '']",
328,20,328_mới_familiarize_willing_thích,"['mới', 'familiarize', 'willing', 'thích', 'new', 'dạy', 'giảng', 'things', 'cập', 'hỏi']",
329,20,329_iso_9001_cmmi_27001,"['iso', '9001', 'cmmi', '27001', 'audit', '14001', '16949', 'iatf', '45001', '8583']",
330,20,330_knowledge_iv_required_regarding,"['knowledge', 'iv', 'required', 'regarding', 'experience', 'thức', 'kiến', 'solid', 'nghiệm', 'kinh']",
331,20,331_docker_jhipster_kubernetes_lxc,"['docker', 'jhipster', 'kubernetes', 'lxc', 'chứa', 'vagrant', 'podman', 'vùng', 'swarm', 'react']",
332,20,332_java_va_big_spring,"['java', 'va', 'big', 'spring', 'kha', 'problemsolving', 'lam', 'ci', 'patterns', 'experience']",
333,20,333_autosar_autocad_tms_wms,"['autosar', 'autocad', 'tms', 'wms', 'bim', 'aspice', 'standard', 'dms', 'chuỗi', 'erp']",
334,20,334_solving_problem_solution_collaboration,"['solving', 'problem', 'solution', 'collaboration', 'communication', 'advantage', 'challenges', 'formalized', 'estimates', 'onsiteoffshore']",
335,20,335_selenium_appium_automation_katalon,"['selenium', 'appium', 'automation', 'katalon', 'serenity', 'postman', 'runner', 'ranorex', 'jmeter', 'scripts']",
336,20,336_swift_objective_rxswift_swiftui,"['swift', 'objective', 'rxswift', 'swiftui', 'combine', 'concurrency', 'runtime', 'rxdart', 'snapkit', 'book']",
337,20,337_graphql_rest_api_restful,"['graphql', 'rest', 'api', 'restful', 'grpc', 'mutations', 'fetching', 'consume', 'leverage', 'graphgl']",
338,20,338_microcontroller_controllers_bit_microprocessors,"['microcontroller', 'controllers', 'bit', 'microprocessors', 'micro', 'microcontrollers', '32', 'mdk', '64', 'iar']",
339,20,339_cntt_kt_toán_đại,"['cntt', 'kt', 'toán', 'đại', 'ngành', 'chuyên', 'kiểm', 'tin', 'đẳng', 'học']",
340,19,340_chung_yêu_cầu_desired,"['chung', 'yêu', 'cầu', 'desired', 'desirable', 'highly', 'bản', 'cơ', 'chính', '']",
341,19,341_source_control_git_systems,"['source', 'control', 'git', 'systems', 'experienced', 'other', 'similar', 'preferred', 'or', 'using']",
342,19,342_môn_yêu_cầu_desired,"['môn', 'yêu', 'cầu', 'desired', 'chuyên', 'accept', 'requirements', 'nghĩa', 'rộng', 'required']",
343,19,343_soft_communication_skills_léo,"['soft', 'communication', 'skills', 'léo', 'khéo', 'đẩy', 'thúc', 'ngũ', 'dắt', 'decision']",
344,19,344_game_chơi_mobile_thích,"['game', 'chơi', 'mobile', 'thích', 'unity', 'demo', 'nhược', 'hiếu', 'nói', 'online']",
345,19,345_csdl_hđh_dba_trị,"['csdl', 'hđh', 'dba', 'trị', 'nền', 'thiết', 'kế', 'form', 'competence', 'tích']",
346,19,346_n2_nhật_n1_tiếng,"['n2', 'nhật', 'n1', 'tiếng', 'trở', 'đương', 'lên', 'tương', 'japanses', 'n4']",
347,19,347_logistics_bán_forwarder_doanh,"['logistics', 'bán', 'forwarder', 'doanh', 'sales', 'marketing', 'lẻ', 'accounting', 'khách', 'hàng']",
348,19,348_communication_english_good_mandatory,"['communication', 'english', 'good', 'mandatory', 'at', 'documentation', 'required', 'is', 'plus', 'in']",
349,19,349_chứng_sao_giấy_dân,"['chứng', 'sao', 'giấy', 'dân', 'bảng', 'chỉ', 'sổ', 'hộ', 'khẩu', 'sinh']",
350,19,350_giới_nam_tuổi_22,"['giới', 'nam', 'tuổi', '22', 'nữ', '35', '25', 'tính', '30', '30t']",
351,19,351_security_it_softwares_idm,"['security', 'it', 'softwares', 'idm', 'pam', 'mdm', 'vulnerabilities', 'governance', 'siem', 'area']",
352,19,352_abilities_môn_competencies_personalities,"['abilities', 'môn', 'competencies', 'personalities', 'knowledge', 'capabilities', 'essential', 'thức', 'kiến', 'liên']",
353,19,353_labor_vietnam_laws_accordance,"['labor', 'vietnam', 'laws', 'accordance', 'policy', 'law', 'leave', 'conditions', 'follow', 'annual']",
354,18,354_khác_yêu_cầu_ii,"['khác', 'yêu', 'cầu', 'ii', 'desired', 'change', 'essential', 'but', 'not', 'các']",
355,18,355_master_degree_bachelor_field,"['master', 'degree', 'bachelor', 'field', 'science', 'preferred', 'related', 'computer', 'ph', 'technology']",
356,18,356_international_friendly_environment_expose,"['international', 'friendly', 'environment', 'expose', 'dynamic', 'global', 'chance', 'grow', 'term', 'quốc']",
357,18,357_ai_generative_learning_image,"['ai', 'generative', 'learning', 'image', 'processing', 'natural', 'ml', 'quantization', 'kidding', 'dockerize']",
358,18,358_cisco_tcp_network_certifications,"['cisco', 'tcp', 'network', 'certifications', 'ip', 'administration', 'ccna', 'certified', 'advantage', 'having']",
359,18,359_sysops_architect_certification_aws,"['sysops', 'architect', 'certification', 'aws', 'solution', 'certified', 'associate', 'devops', 'professional', 'certificated']",
360,18,360_language_programing_chatbot_ngôn,"['language', 'programing', 'chatbot', 'ngôn', 'recommendation', 'natural', 'ngữ', 'nào', 'optional', 'stemming']",
361,18,361_blockchain_web3_ethereum_contracts,"['blockchain', 'web3', 'ethereum', 'contracts', 'date', 'cũng', 'smart', 'evmcompatible', 'defis', 'releasing']",
362,18,362_deadline_deadlines_tôn_đúng,"['deadline', 'deadlines', 'tôn', 'đúng', 'trọng', 'driven', 'keeping', 'committed', 'earlier', 'promises']",
363,18,363_độc_lập_hoàn_khả,"['độc', 'lập', 'hoàn', 'khả', 'cần', 'làm', 'khi', 'việc', 'hỗ', 'trợ']",
364,18,364_analyst_business_ngân_role,"['analyst', 'business', 'ngân', 'role', 'involvement', 'years', 'preferably', 'lĩnh', 'vực', 'trí']",
365,18,365_backend_front_end_quen,"['backend', 'front', 'end', 'quen', 'lâu', 'dài', 'platform', 'tách', 'paltform', 'hướng']",
366,18,366_môi_trường_environment_ecosystems,"['môi', 'trường', 'environment', 'ecosystems', 'ngộ', 'needs', 'đãi', 'làm', 'their', 'working']",
367,18,367_trí_vị_tương_đương,"['trí', 'vị', 'tương', 'đương', 'năm', 'ít', 'nhất', '03', 'từ', 'trở']",
368,18,368_mới_ngôn_ngữ_sàng,"['mới', 'ngôn', 'ngữ', 'sàng', 'new', 'sẵn', 'motivation', 'hỏi', 'learn', 'ham']",
369,18,369_qualifications_preferred_qualification_tướng,"['qualifications', 'preferred', 'qualification', 'tướng', 'recorded', 'olympiad', 'distinct', 'ipcp', 'acm', 'thẻ']",
370,18,370_effectively_team_environment_work,"['effectively', 'team', 'environment', 'work', 'ability', 'harmoniously', 'explanations', 'composed', 'sized', 'subordinates']",
371,18,371_phòng_máy_văn_printer,"['phòng', 'máy', 'văn', 'printer', 'cài', 'windows', 'đặt', 'móc', 'internet', 'office365']",
372,18,372_khoa_máy_tính_đẳng,"['khoa', 'máy', 'tính', 'đẳng', 'học', 'đại', 'ngành', 'nghệ', 'tin', 'thông']",
373,18,373_typescript_template_cách_convert,"['typescript', 'template', 'cách', 'convert', 'type', 'types', 'lại', 'grunt', 'unknown', 'styled']",
374,18,374_qualification_basic_qualifications_essential,"['qualification', 'basic', 'qualifications', 'essential', 'môn', 'minimum', 'thiểu', 'tối', 'yêu', 'cầu']",
375,18,375_nextjs_reactjs_react_frontend,"['nextjs', 'reactjs', 'react', 'frontend', 'accessibility', 'typescript', 'library', 'webpack', 'css3', 'module']",
376,17,376_further_additional_visit_info,"['further', 'additional', 'visit', 'info', 'information', 'more', 'iii', 'khác', 'contact', 'want']",
377,17,377_laravel_framework_middleware_validation,"['laravel', 'framework', 'middleware', 'validation', 'controller', 'codeigniter', 'migration', 'view', 'adonisjs', 'events']",
378,17,378_engineering_sư_tertiary_university,"['engineering', 'sư', 'tertiary', 'university', 'software', 'quantitative', 'defect', 'majorities', 'information', 'junior']",
379,17,379_tưởng_khích_khuyến_boundaries,"['tưởng', 'khích', 'khuyến', 'boundaries', 'pushes', 'mindsets', 'trao', 'beyond', 'existing', 'đổi']",
380,17,380_istqb_chứng_iiba_cste,"['istqb', 'chứng', 'iiba', 'cste', 'chỉ', 'foundation', 'pmp', 'cert', 'apc', 'certificate']",
381,17,381_english_proper_at_good,"['english', 'proper', 'at', 'good', 'b2', 'anh', 'level', 'mandatory', 'tiếng', 'must']",
382,17,382_nghênh_hoan_attitue_following,"['nghênh', 'hoan', 'attitue', 'following', 'môn', 'thi', 'appreciate', 'ones', 'thêm', 'yoe']",
383,17,383_sáng_tạo_nhiệt_chủ,"['sáng', 'tạo', 'nhiệt', 'chủ', 'tình', 'động', 'trách', 'nhiệm', 'imaginative', 'get']",
384,17,384_kpi_tháng_lương_13,"['kpi', 'tháng', 'lương', '13', 'thưởng', 'đánh', 'kpis', 'giá', 'doanh', 'quả']",
385,16,385_detail_organizational_chú_dispensing,"['detail', 'organizational', 'chú', 'dispensing', 'attention', 'tiết', 'audience', 'executives', 'chi', 'mẽ']",
386,16,386_education_certifications_certification_measuring,"['education', 'certifications', 'certification', 'measuring', 'preferrable', 'examination', 'sponsor', 'licensing', 'kinds', 'professional']",
387,16,387_khỏe_sức_mặc_dental,"['khỏe', 'sức', 'mặc', 'dental', 'cư', 'condition', 'health', 'mental', 'access', 'physical']",
388,16,388_quyền_lợi__,"['quyền', 'lợi', '', '', '', '', '', '', '', '']",
389,16,389_attention_detail_solving_problem,"['attention', 'detail', 'solving', 'problem', 'keen', 'discernment', 'analytical', 'judgement', 'superb', 'strong']",
390,16,390_thưởng_lễ_tết_đột,"['thưởng', 'lễ', 'tết', 'đột', 'cuối', 'xuất', 'hoàn', 'khi', 'lương', '13']",
391,16,391_cử_khoa_nhân_máy,"['cử', 'khoa', 'nhân', 'máy', 'tính', 'bằng', 'lĩnh', 'vực', 'hoặc', 'liên']",
392,16,392_calculation_geometry_toán_matrix,"['calculation', 'geometry', 'toán', 'matrix', 'mathematical', '2d', 'nên', '3d', 'interested', 'lớp']",
393,16,393_stakeholders_effectively_persuasive_collaborate,"['stakeholders', 'effectively', 'persuasive', 'collaborate', 'judgment', 'levels', 'communicate', 'non', 'partners', 'effective']",
394,16,394_quickly_manage_new_able,"['quickly', 'manage', 'new', 'able', 'technologies', 'chóng', 'mới', 'nhanh', 'adapt', 'miền']",
395,16,395_excel_hàm_vba_chiện,"['excel', 'hàm', 'vba', 'chiện', 'excels', 'macros', 'macro', 'sheet', 'perfect', 'advance']",
396,16,396_contacted_shortlisted_only_candidates,"['contacted', 'shortlisted', 'only', 'candidates', 'regret', 'notified', 'due', 'will', 'yêu', 'cầu']",
397,16,397_b2b_saas_aa_selling,"['b2b', 'saas', 'aa', 'selling', 'products', 'khởi', 'genuine', 'khăn', 'sa', 'se']",
398,16,398_personal_characteristics_competence_attributes,"['personal', 'characteristics', 'competence', 'attributes', 'profile', 'personality', 'nature', 'chất', 'important', 'qualities']",
399,16,399_benefits_benefit_opportunities_perks,"['benefits', 'benefit', 'opportunities', 'perks', 'include', 'career', 'and', '', '', '']",
400,16,400_amazon_services_microsoft_azure,"['amazon', 'services', 'microsoft', 'azure', 'web', 'linode', 'elastic', 's3', 'ec2', 'search']",
401,16,401_khoa_khá_loại_550,"['khoa', 'khá', 'loại', '550', 'thuật', 'cntt', 'khác', 'tích', 'thiểu', 'toán']",
402,16,402_figma_sketch_xd_ux,"['figma', 'sketch', 'xd', 'ux', 'ui', 'photoshop', 'thiết', 'kế', 'adobe', 'muse']",
403,16,403_job_requirements_requirement_legally,"['job', 'requirements', 'requirement', 'legally', 'jobholder', 'parameters', 'ii', 'list', 'conditions', 'health']",
404,16,404_quyền_hưởng_equal_opportunity,"['quyền', 'hưởng', 'equal', 'opportunity', 'được', 'lợi', 'ii', 'sách', 'nhận', 'chính']",
405,15,405_benefits_benefit_pinetree_perks,"['benefits', 'benefit', 'pinetree', 'perks', 'securities', 'chế', 'ngộ', 'đãi', 'độ', 'tại']",
406,15,406_mềm_nghệ_phần_cđ,"['mềm', 'nghệ', 'phần', 'cđ', 'tin', 'ngành', 'thông', 'majoring', 'nghiệp', 'đh']",
407,15,407_môn_khác_yêu_cầu,"['môn', 'khác', 'yêu', 'cầu', 'helpdesk', 'ngộ', 'đãi', 'đối', 'phúc', 'sách']",
408,15,408_quyền_lợi_benefit_hạn,"['quyền', 'lợi', 'benefit', 'hạn', 'hưởng', 'benefits', 'được', '', '', '']",
409,15,409_recruitment_tuyển_cần_lượng,"['recruitment', 'tuyển', 'cần', 'lượng', 'số', 'huyen', 'le', 'attech', 'pilot', 'thuy']",
410,15,410_emc_hpe_ảo_tâp,"['emc', 'hpe', 'ảo', 'tâp', 'dell', 'vmware', 'hê', 'backup', 'hyper', 'server']",
411,15,411_visio_visual_studio_microsoft,"['visio', 'visual', 'studio', 'microsoft', 'advance', 'wireframe', 'rp', 'prototyping', 'axure', 'case']",
412,15,412_uk_korea_opportunities_france,"['uk', 'korea', 'opportunities', 'france', 'us', 'site', 'singapore', 'placement', 'onsite', 'training']",
413,15,413_stream_processing_hadoop_spark,"['stream', 'processing', 'hadoop', 'spark', 'batch', 'tán', 'xử', 'luồng', 'dữ', 'trữ']",
414,15,414_html_css_front_languages,"['html', 'css', 'front', 'languages', 'jquery', 'xml', 'javascript', 'end', 'libraries', 'leaflet']",
415,15,415_microservices_apis_restful_consuming,"['microservices', 'apis', 'restful', 'consuming', 'rest', 'designing', 'persistence', 'micro', 'developing', 'esb']",
416,15,416_say_cường_mê_nghiên,"['say', 'cường', 'mê', 'nghiên', 'cứu', 'quả', 'đợi', 'khả', 'vào', 'độ']",
417,15,417_mềm_phần_googe_smile,"['mềm', 'phần', 'googe', 'smile', 'đơn', 'thù', 'coming', 'nhìn', 'ban', 'sketch']",
418,15,418_scrapy_pl_sub_ericsson,"['scrapy', 'pl', 'sub', 'ericsson', 'ble', 'locations', 'rmit', 'past', 'giỏi', 'junit']",
419,14,419_soap_mq_webservice_service,"['soap', 'mq', 'webservice', 'service', 'rest', 'restful', 'ibm', 'partern', 'active', 'xml']",
420,14,420_angular_boostrap_webservices_html5,"['angular', 'boostrap', 'webservices', 'html5', 'bootstrap', 'css', 'jquery', 'javascript', 'js', 'protocol']",
421,14,421_tảng_nền_asset_vertical,"['tảng', 'nền', 'asset', 'vertical', 'uml', 'certain', 'trau', 'dồi', 'great', 'thức']",
422,14,422_workspace_google_sheets_nó,"['workspace', 'google', 'sheets', 'nó', 'zoom', 'optimizely', 'meet', 'mtg', 'ware', 'tag']",
423,14,423_xin_tiền_lịch_yếu,"['xin', 'tiền', 'lịch', 'yếu', 'đơn', 'phép', 'tết', 'lễ', 'sơ', 'nghỉ']",
424,14,424_deadlines_tight_under_pressure,"['deadlines', 'tight', 'under', 'pressure', 'meet', 'able', 'strict', 'work', 'respect', 'manage']",
425,14,425_data_genai_mastery_analytics,"['data', 'genai', 'mastery', 'analytics', 'available', 'bias', 'summarise', 'latest', 'market', 'fluency']",
426,14,426_khỏi_security_application_web,"['khỏi', 'security', 'application', 'web', 'rò', 'rỉ', 'chặn', 'mật', 'vệ', 'e2e']",
427,14,427_animation_ui_ux_khía,"['animation', 'ui', 'ux', 'khía', 'effect', 'mọi', 'custom', 'elementui', 'painting', 'elementplus']",
428,14,428_đạt_truyền_verify_qas,"['đạt', 'truyền', 'verify', 'qas', 'xử', 'qa', 'đề', 'vấn', 'judged', 'epic']",
429,14,429_overseas_trainings_training_house,"['overseas', 'trainings', 'training', 'house', 'xuyên', 'đào', 'ngoài', 'hella', 'nước', 'ngừng']",
430,14,430_self_regarding_learning_attitude,"['self', 'regarding', 'learning', 'attitude', 'motivation', 'unstop', 'upgrading', 'learnings', 'calm', 'motivated']",
431,14,431_certifications_advantageous_itil_pmp,"['certifications', 'advantageous', 'itil', 'pmp', 'are', 'certified', 'relevant', 'aws', 'soc', '500']",
432,14,432_chính_ngân_tế_tài,"['chính', 'ngân', 'tế', 'tài', 'toán', 'đại', 'chuỗi', 'ngành', 'tới', 'hàng']",
433,14,433_đam_mê_thích_yêu,"['đam', 'mê', 'thích', 'yêu', 'hướng', 'định', 'zero', 'lập', 'logic', 'trình']",
434,14,434_training_internal_talks_offline,"['training', 'internal', 'talks', 'offline', 'workshop', 'sessions', 'diverse', 'functional', 'online', 'scope']",
435,14,435_test_giai_kiểm_thử,"['test', 'giai', 'kiểm', 'thử', 'đoạn', 'unit', 'integration', 'functional', 'resolved', 'system']",
436,14,436_required_desirable_traits_behavior,"['required', 'desirable', 'traits', 'behavior', 'must', 'desired', 'skills', 'skill', 'preferred', 'mandatory']",
437,14,437_sách_chế_chính_authorities,"['sách', 'chế', 'chính', 'authorities', 'filed', 'posted', 'policy', 'they', 'commission', 'chung']",
438,14,438_requirements_main_minimum_other,"['requirements', 'main', 'minimum', 'other', '', '', '', '', '', '']",
439,14,439_expect_what_can_đợi,"['expect', 'what', 'can', 'đợi', 'you', 'tôi', 'chúng', 'imagine', 'mong', 'expectation']",
440,14,440_priority_lựa_chọn_conditions,"['priority', 'lựa', 'chọn', 'conditions', 'yêu', 'selection', 'cầu', 'chuẩn', 'tiêu', 'tiên']",
441,14,441_ask_proactively_ready_yếu,"['ask', 'proactively', 'ready', 'yếu', 'asking', 'clients', 'sơ', 'xác', 'lịch', 'vòng']",
442,14,442_security_evaluate_door_pa,"['security', 'evaluate', 'door', 'pa', 'it', 'xdr', 'cctv', 'defender', 'information', 'included']",
443,14,443_ăn_trưa_thuê_phụ,"['ăn', 'trưa', 'thuê', 'phụ', 'bồi', 'dưỡng', 'cấp', 'bao', 'nội', 'bộ']",
444,14,444_examples_work_operation_mảng,"['examples', 'work', 'operation', 'mảng', 'working', 'distributed', 'preferably', 'fields', 'administration', 'experiences']",
445,13,445_ham_trách_nhiệm_hỏi,"['ham', 'trách', 'nhiệm', 'hỏi', 'thần', 'tinh', 'thái', 'recommend', 'lifelong', 'accountable']",
446,13,446_computer_science_fields_engineering,"['computer', 'science', 'fields', 'engineering', 'degree', 'background', 'related', 'discipline', 'recognized', 'field']",
447,13,447_must_have_better_to,"['must', 'have', 'better', 'to', '', '', '', '', '', '']",
448,13,448_lực_kỹ_skill_năng,"['lực', 'kỹ', 'skill', 'năng', 'môn', 'khác', 'skills', 'tiên', 'ưu', 'chuyên']",
449,13,449_13th_guaranteed_month_salary,"['13th', 'guaranteed', 'month', 'salary', 'yes', 'every', 'competitive', '13', 'package', 'tháng']",
450,13,450_iam_s3_gateway_cloudwatch,"['iam', 's3', 'gateway', 'cloudwatch', 'sqs', 'sns', 'ec2', 'aws', 'rds', 'step']",
451,13,451_smartphone_phone_pabx_pc,"['smartphone', 'phone', 'pabx', 'pc', 'smart', 'thục', 'connectivity', '장치를', '모바일', '능숙하게']",
452,13,452_mind_analytical_an_thinking,"['mind', 'analytical', 'an', 'thinking', 'duy', 'tư', 'phân', 'tích', '', '']",
453,13,453_đi_tác_colleague_thể,"['đi', 'tác', 'colleague', 'thể', 'discount', 'tỉnh', 'khi', 'khu', 'qualify', 'generous']",
454,13,454_dắt_nhóm_họp_dẫn,"['dắt', 'nhóm', 'họp', 'dẫn', 'lãnh', 'cuộc', 'đạo', 'báo', 'cáo', 'hoạch']",
455,13,455_khá_loại_viễn_khoa,"['khá', 'loại', 'viễn', 'khoa', 'đại', 'bưu', 'tử', 'thông', 'điện', 'chính']",
456,13,456_review_code_reviews_technically,"['review', 'code', 'reviews', 'technically', 'suggestions', 'participating', 'reviewing', 'offering', 'comfortable', 'discussion']",
457,13,457_developer_junior_developers_mentoring,"['developer', 'junior', 'developers', 'mentoring', 'coder', 'assistance', 'stack', 'coach', 'internship', 'guidance']",
458,13,458_chứng_chỉ_bằng_thế,"['chứng', 'chỉ', 'bằng', 'thế', 'cấp', 'ba', 'liên', 'lợi', 'là', 'quan']",
459,13,459_front_languages_reactjs_end,"['front', 'languages', 'reactjs', 'end', 'html', 'css', 'javascript', 'such', 'framework', 'side']",
460,13,460_viet_benefit_medical_bao,"['viet', 'benefit', 'medical', 'bao', 'insurance', 'employee', 'family', 'package', 'việt', 'care']",
461,13,461_independently_independent_supervisor_reliant,"['independently', 'independent', 'supervisor', 'reliant', 'supervision', 'work', 'minor', 'self', 'starter', 'little']",
462,12,462_mềm_workshops_kỹ_soft,"['mềm', 'workshops', 'kỹ', 'soft', 'năng', 'cách', 'yêu', 'cầu', 'skill', 'tính']",
463,12,463_pytorch_tensorflow_keras_scikit,"['pytorch', 'tensorflow', 'keras', 'scikit', 'numpy', 'opencv', 'zeppline', 'jupyter', 'pandas', 'hub']",
464,12,464_teamwork_độc_cũng_lập,"['teamwork', 'độc', 'cũng', 'lập', 'khả', 'independent', 'làm', 'tốt', 'túc', 'môi']",
465,12,465_3x4_ảnh_hồ_sơ,"['3x4', 'ảnh', 'hồ', 'sơ', 'file', 'gồm', 'bao', 'tiết', '04', '4x6']",
466,12,466_preferred_but_preferable_not,"['preferred', 'but', 'preferable', 'not', 'required', 'ii', 'higher', 'what', 'should', 'level']",
467,12,467_optional_suggestions_tiên_ưu,"['optional', 'suggestions', 'tiên', 'ưu', 'requirement', 'hội', 'cơ', '', '', '']",
468,12,468_etl_dimensional_pentaho_elt,"['etl', 'dimensional', 'pentaho', 'elt', 'ssis', 'stage', 'odi', 'models', 'warehousing', 'data']",
469,12,469_nice_have_to_,"['nice', 'have', 'to', '', '', '', '', '', '', '']",
470,12,470_tech_stacks_airtable_sisense,"['tech', 'stacks', 'airtable', 'sisense', 'zapier', 'hubspot', 'non', 'sheets', 'slack', 'powerbi']",
471,12,471_part_growing_internationally_brand,"['part', 'growing', 'internationally', 'brand', 'vietnam', 'recognized', 'expand', 'us', 'fellow', 'meaningful']",
472,12,472_collaborative_facilitates_interaction_team,"['collaborative', 'facilitates', 'interaction', 'team', 'success', 'accomplishments', 'personal', 'effective', 'connectivity', 'engagement']",
473,12,473_phép_ngày_16_15,"['phép', 'ngày', '16', '15', 'thâm', 'niên', 'tới', 'năm', '12', 'số']",
474,12,474_anh_tiếng_sử_bản,"['anh', 'tiếng', 'sử', 'bản', 'dụng', 'cơ', 'trong', 'công', 'việc', 'thể']",
475,12,475_yêu_cầu_đầu_vào,"['yêu', 'cầu', 'đầu', 'vào', '', '', '', '', '', '']",
476,12,476_command_spoken_written_english,"['command', 'spoken', 'written', 'english', 'male', 'good', 'both', 'oral', 'intermediate', 'should']",
477,12,477_embedded_26262_arduino_makefile,"['embedded', '26262', 'arduino', 'makefile', 'language', 'keil', 'thăng', 'lâp', 'programming', 'ngôn']",
478,12,478_entity_poco_peta_framework,"['entity', 'poco', 'peta', 'framework', 'ext', 'xsl', 'signalr', 'involving', 'wcf', 'phi']",
479,12,479_anh_영어_우수자_tiếng,"['anh', '영어', '우수자', 'tiếng', 'bản', 'cơ', 'basic', 'độ', 'tiên', 'english']",
480,12,480_độc_nhóm_theo_lập,"['độc', 'nhóm', 'theo', 'lập', 'hoặc', 'làm', 'khả', 'thể', 'việc', 'năng']",
481,12,481_khen_50_phí_thi,"['khen', '50', 'phí', 'thi', '100', 'thưởng', 'chi', 'chứng', 'chỉ', 'hỗ']",
482,12,482_relevant_developing_application_information,"['relevant', 'developing', 'application', 'information', 'technology', 'engineering', 'degree', 'web', 'least', 'combined']",
483,12,483_zabbix_grafana_monitor_prometheus,"['zabbix', 'grafana', 'monitor', 'prometheus', 'cacti', 'giám', 'ops', 'sát', 'kibana', 'engine']",
484,11,484_who_you_are_about,"['who', 'you', 'are', 'about', 'enough', 'talk', 'let', 'someone', 'us', 'if']",
485,11,485_must_possess_altitude_needs,"['must', 'possess', 'altitude', 'needs', 'have', 'should', 'be', 'to', '', '']",
486,11,486_mathematical_realworld_mới_impact,"['mathematical', 'realworld', 'mới', 'impact', 'những', 'ham', 'áp', 'enjoy', 'fastpaced', 'productowners']",
487,11,487_brse_aspect_than_taken,"['brse', 'aspect', 'than', 'taken', '3years', 'trí', 'haven', 'vị', 'consideration', 'more']",
488,11,488_linguistics_female_it_mis,"['linguistics', 'female', 'it', 'mis', 'đại', 'đh', 'đẳng', 'ngành', 'nghiệp', 'chuyên']",
489,11,489_advantages_advantage__,"['advantages', 'advantage', '', '', '', '', '', '', '', '']",
490,11,490_boot_spring_specifications_java,"['boot', 'spring', 'specifications', 'java', 'kĩ', 'youre', 'experienced', 'people', 'waterfall', 'ide']",
491,11,491_đọc_anh_tiếng_bằng,"['đọc', 'anh', 'tiếng', 'bằng', 'tài', 'thế', 'ngoài', 'hiểu', 'nước', 'lợi']",
492,11,492_reading_writing_english_level,"['reading', 'writing', 'english', 'level', 'basic', 'communication', 'and', '', '', '']",
493,11,493_infrastructure_background_architecture_network,"['infrastructure', 'background', 'architecture', 'network', 'system', 'cloud', 'end', 'ecosystem', 'back', 'technologies']",
494,11,494_open_source_community_contribution,"['open', 'source', 'community', 'contribution', 'wayland', 'lover', 'contributor', 'composer', 'references', 'chromium']",
495,11,495_tự_competence_quyết_nghiên,"['tự', 'competence', 'quyết', 'nghiên', 'cứu', 'analyzing', 'đề', 'problems', 'giải', 'unknown']",
496,11,496_distributed_gitlab_github_version,"['distributed', 'gitlab', 'github', 'version', 'managing', 'control', 'code', 'using', 'git', 'centralized']",
497,11,497_php_html_css_mysql,"['php', 'html', 'css', 'mysql', 'javascript', 'format', 'chỉnh', 'mại', 'sửa', 'xml']",
498,11,498_net_core_experienced_javascript,"['net', 'core', 'experienced', 'javascript', 'natvive', 'web', 'reactjs', 'development', 'deploying', 'postgres']",
499,11,499_administration_linux_aws_plus,"['administration', 'linux', 'aws', 'plus', 'system', 'in', '', '', '', '']",
500,11,500_bash_script_python_ngôn,"['bash', 'script', 'python', 'ngôn', 'go', 'ngữ', 'bất', 'scripting', 'shell', 'kỳ']",
501,11,501_100_1st_official_day,"['100', '1st', 'official', 'day', 'employee', 'lương', 'full', 'benefits', 'gian', 'thời']",
502,11,502_dss_pci_iso_chuẩn,"['dss', 'pci', 'iso', 'chuẩn', '27001', '27000', 'nist', 'cobit', 'tiêu', 'isms']",
503,11,503_compensation_profession_retains_allows,"['compensation', 'profession', 'retains', 'allows', 'crossian', 'believe', 'total', 'include', 'these', 'our']",
504,10,504_microservices_building_restful_services,"['microservices', 'building', 'restful', 'services', 'flowable', 'workflow', 'with', 'projects', 'like', 'experience']",
505,10,505_cài_đặt_carthage_cocoapods,"['cài', 'đặt', 'carthage', 'cocoapods', 'đăng', 'ích', 'dependency', 'email', 'webhook', 'tiện']",
506,10,506_analysis_including_software_documentations,"['analysis', 'including', 'software', 'documentations', 'design', 'definition', 'good', 'advance', 'wireframe', 'firm']",
507,10,507_consulting_path_manufacture_retails,"['consulting', 'path', 'manufacture', 'retails', 'clear', 'consultants', 'organization', 'consultant', 'already', 'distribution']",
508,10,508_tự_nghiên_cứu_mới,"['tự', 'nghiên', 'cứu', 'mới', 'hỏi', 'nghệ', 'viêc', 'trau', 'dồi', 'khả']",
509,10,509_ham_hỏi_nhẹn_huyết,"['ham', 'hỏi', 'nhẹn', 'huyết', 'trách', 'nhiệm', 'vươn', 'nhanh', 'weekend', 'holiday']",
510,10,510_droshipping_pts_viên_applicants,"['droshipping', 'pts', 'viên', 'applicants', 'ứng', 'playwright', 'tiên', 'cypress', 'ưu', 'đã']",
511,10,511_tiện_lại_đi_phương,"['tiện', 'lại', 'đi', 'phương', 'xe', 'thoát', 'ngước', 'mòn', 'khỏi', 'lối']",
512,10,512_ideas_clearly_thoughts_concisely,"['ideas', 'clearly', 'thoughts', 'concisely', 'verbally', 'articulate', 'communications', 'express', 'oral', 'complex']",
513,10,513_vendor_budget_negotiation_resource,"['vendor', 'budget', 'negotiation', 'resource', 'allocation', 'price', 'management', 'optimisation', 'fixed', 'cost']",
514,10,514_24_insurance_accident_health,"['24', 'insurance', 'accident', 'health', 'premium', 'medical', '24h', '9999', 'checks', 'healthcare']",
515,10,515_thứ_fulltime_parttime_tuần,"['thứ', 'fulltime', 'parttime', 'tuần', 'buổi', 'full', '30h', 'thể', 'time', 'tập']",
